distance_from_home,purchase_price_ratio,online_order,fraud
4.692680899768591,1.0610087066217195,1,0
30.101214309175212,1.08655982298007,1,0
13.167456935454494,1.3867605540492367,0,0
9.129425537759532,1.683682753408089,0,0
1.6962487046234629,1.9567923131166247,1,0
1.695962919146052,1.0984105246598275,0,0
0.5983876860868067,2.2463442844797608,1,0
20.112308644799395,1.3644381994787156,0,0
9.190821536272646,1.489316352825782,1,0
12.312500617045902,1.1263941604260883,1,0
0.20799307999138622,0.2878798698635292,0,0
35.03557475158312,1.9420226981805249,1,0
17.86429543354675,1.8684219485462168,0,0
2.3868762524894698,1.3593362214408933,1,0
2.0067898874966335,1.533495358612436,1,0
2.0261142283225704,1.7579696088520498,1,0
3.627537294604771,0.7187270715567287,1,0
7.439278308608545,1.2354736613268527,1,0
5.655370667803367,1.8971323398109137,0,1
3.442229925539415,0.8728552884153753,0,0
9.463708738997987,1.6467789660833145,1,0
1.5023452872733867,0.8217090976882975,1,0
3.4551551200240227,1.7332149912167631,1,0
4.56277218220847,1.4821792588512581,1,0
6.08934687859775,0.6924340920472453,1,0
15.379360110309118,2.0823696772285856,1,1
2.227358621286903,1.1327042116009753,1,0
7.220291550331277,1.0948737814928096,1,0
8.975047213097605,1.6002845986154715,1,0
0.47563849756408544,2.0743186747143576,0,0
9.353330206496102,0.9920890905108015,0,0
1.8696125197741642,1.530839924923986,0,0
0.6726393087930425,1.7144082501652864,0,0
29.73687793506931,1.846552803631572,0,0
33.706303424611725,1.5882207776386126,1,0
16.523315728128768,1.316486080458339,1,0
3.632878599687583,1.0862048896756402,1,0
1.0277731500250624,1.5430719415231873,1,0
11.527507630986618,0.9639304940071965,0,0
5.800908425853983,0.039324758252696324,0,0
1.3015223395444864,1.718279902078834,0,0
6.835472281341501,1.9519674205430977,1,0
0.34993721443479087,0.3185337822290808,0,1
24.004228873930238,0.9951346476450312,0,0
2.994577768406861,1.809577130502599,1,0
10.862557985649804,2.528747734855849,1,0
3.7354658165762364,1.510396853837704,0,0
7.341108959092287,1.1359985293854327,1,0
7.912237979817975,1.40855177944758,1,0
2.0438859950790573,2.1874382095740925,1,0
34.92807132736226,1.1770179104377323,1,0
14.922453771381408,1.1004039966748733,0,0
28.05094419291582,1.2586282389089838,0,0
22.521519975341967,1.0233356958706439,1,0
9.11054412383275,1.5613351579973977,1,0
25.49435379269405,2.31233922923478,1,0
0.9265545895311562,1.6615396365580146,1,0
2.1813469463126745,1.3738232489368563,1,0
0.46281965686831955,1.354094365542228,1,0
3.9353208680308684,0.7184045956516715,1,1
4.921302917942186,1.9415548885735796,1,0
3.165604432088257,1.4610814014935989,0,0
17.64557865240934,1.4097600432046873,1,0
4.4122699952987015,3.09655378392243,0,0
3.298028401342492,1.649376454182843,0,0
7.82407083207746,1.1241044749524078,1,0
1.5189814782062885,1.2868212018972283,0,0
16.204835957747314,2.0742228545983776,0,0
0.7747586881130901,1.5566352052688823,0,0
43.3414633958732,0.7808610108413166,1,0
14.794837762415114,1.9596144672876017,1,0
2.2153944050588597,1.165927957230503,1,0
0.05537420375935475,2.4366488881087727,0,0
16.89896777486126,2.0400240328573243,1,0
12.270959073870447,1.2763390521706244,1,0
13.05662908787999,2.1405081808675566,0,0
14.752145260435135,1.5339277552637016,1,0
0.7692926551379635,1.9263868375611097,0,0
4.438926724162325,1.7423664086472375,1,0
1.2315010460444966,1.0768216725045632,1,0
19.885295716582227,1.178225083841269,1,0
9.763011917123741,2.0149804087905805,0,1
4.01818801251301,1.3326123339467295,1,0
0.6566806580478289,1.2981757683790016,1,0
3.7248835041035373,1.0224387103253236,1,0
3.9331421318413136,1.7117995327967306,1,0
13.078757839577408,2.5312624596215727,0,0
10.148893589260199,0.9662335428728636,0,0
21.822519124015148,1.5121097283363791,1,0
6.390661333763098,2.2061102777077144,1,0
1.273723936155019,1.4601793043771425,1,0
12.491263443165995,1.726185898124867,0,0
14.303927530768641,0.9688032359265601,1,0
8.238874948858289,1.7141535486038242,0,0
14.738899667213644,1.4064278674977255,1,0
6.808147315102779,1.9928649978399315,1,0
7.39678838777267,2.0936930257823754,1,0
5.578141939084274,2.794781821009307,0,0
0.2574777399011373,1.7898165866067879,1,0
1.1416743519186583,1.6628981582910831,0,0
0.3193368129305382,1.597192150788668,0,0
10.117295509275495,1.3234168535946558,1,0
3.7739670879509983,1.6692419217308456,1,0
7.104371771341901,1.3522992949304853,0,0
23.812655298459756,1.584230488134807,1,0
2.8673882298329834,2.15879876780398,1,0
5.282819748826726,0.9967287173601794,1,0
14.087491475385834,2.0699392805645225,0,0
2.5980515691739403,2.1585575336699327,1,0
0.8010427855017637,1.4409657365044606,0,0
3.4214030388705705,0.4390725504957027,0,0
1.7580835850006284,1.1960890064527838,0,0
26.549500858806248,2.1484972732805545,1,0
16.508870804845696,1.488565968850559,0,0
10.03494190520531,1.0003488838525447,0,0
20.51519730520813,1.2476125393858912,0,0
16.279689407405563,1.9203100132522766,1,0
2.0649547635863907,1.7733667841006897,1,0
22.308134052355612,1.3805339504151528,0,0
7.75099901966172,1.3165877940926562,1,0
16.47348291303566,1.304120925478089,1,0
22.642426492862313,1.0387949077507488,1,0
3.8273071641831846,2.307687844734721,0,0
1.1659216012385083,1.33883976539433,1,0
2.5868674613938136,2.108579260412748,1,0
5.570576927486144,2.2606580259612254,1,0
17.03829726638945,1.9991554490739802,0,0
19.713449718798334,1.2841898436409758,1,0
0.06976409181650647,1.7018650451683048,1,0
7.148761593385558,1.4879021968045418,1,0
5.402733209186713,1.048149069634936,0,0
2.5116733827582447,1.6621796408608014,0,0
1.276803915456468,0.9104801044200987,1,0
4.119085798624324,2.0938396942307818,1,0
28.631211226911496,1.2676913513508035,0,0
3.903838028814744,1.6005798279364196,1,0
7.314528057601519,1.641643935773071,0,0
12.14086976880855,1.3705475131479614,1,0
4.519744989669624,1.7933469007376375,1,0
35.677981382917,1.2625481716887377,1,0
32.82009864541398,1.935648648728622,1,0
2.9006129499220528,0.8270101598766257,0,0
6.876592784638472,1.5631897897732059,1,0
3.5793046007904676,2.4694644995291424,0,0
3.352496763810817,0.9998343376972126,1,0
0.37584477765522534,1.1611275147375744,1,0
9.404920709825932,1.7569539248294574,1,0
6.985196328296385,1.589790890969799,0,0
0.5285108738039248,1.6753150496367797,1,0
3.2662592101036934,1.7445935650738318,0,0
23.888609510893403,1.8173607342808848,0,0
2.7386055214207703,2.0548499209781115,1,0
1.5653086098546976,1.7049093284642562,1,0
6.722721094736363,1.3793711726907287,1,0
42.4403698261526,1.8362868506013656,0,0
2.7714481355972618,2.449940967447608,0,0
11.151550102972934,1.4336831268087131,1,0
14.338876262394628,1.0127353476646792,1,0
2.713331723358058,2.053540334643486,0,0
13.027489284923162,1.4398094180232008,1,0
4.58522799264304,0.4136652269929819,1,0
10.005037477317714,1.9237108385752109,1,0
10.038378271376383,1.2323359070230386,1,0
7.673852499523488,1.4547333588479197,1,0
0.9462915881162095,1.6659901652845073,1,0
18.03644794246297,1.5952498398895332,1,0
3.8681029366739663,1.8547259085695198,0,0
2.0643210660755655,1.2822568147150784,1,0
0.416297597943452,1.7565528990880415,1,0
8.937784045945834,1.3702266612080414,1,0
11.318517342673488,1.8694052404437516,0,0
0.1672694755847062,1.8076837420065268,1,0
7.176305845494884,1.0322806489777023,1,0
2.5682414705495766,2.042991058087516,0,0
10.36124341547692,1.232018277442976,1,0
1.9160422253913376,1.9040288991405725,1,0
11.742125275677191,1.6836436567006703,0,0
4.8895870098110175,2.419091838397561,1,0
27.60343817804307,1.3882670088140738,1,0
1.4794441343927893,1.3253416019409012,1,0
4.171324339951718,1.4902901970561337,0,0
1.2044428503699642,1.3484101085828624,0,0
25.861903971507235,1.899970950971025,1,0
20.983337071609938,0.691844695781706,0,0
2.9832737006148893,0.973158790426823,1,0
10.787627390439145,0.9660985392104035,0,0
16.994840726392212,1.9751537959867878,0,0
8.10132360686508,2.3553066862909624,0,0
7.54279410193946,1.4477753907312643,1,0
2.7687704543790312,1.4155891384049948,1,0
0.9772614047494073,1.5350260815565906,0,0
22.75123225194523,2.0809391513040953,0,0
23.06774427648427,1.0363234329047128,0,0
10.026699194828847,1.6191844913673925,1,0
4.140465098113239,1.987598814891215,1,0
4.295676158116439,1.7505470849699227,1,0
12.944654297271182,1.5947908082993716,1,0
22.740973491072523,2.0005230462835706,1,0
21.811325693966133,0.1483838535003814,0,0
15.135621919309033,1.8389376597654539,1,0
10.273106935677049,1.1729621584362881,0,0
0.8789172619608405,0.5846835515717715,0,0
1.7629421468341149,1.7556012997624904,1,0
22.882305001775055,2.1868292725814786,1,0
9.324939469655895,1.431275742686154,1,0
0.09239605610994409,1.9764372736014695,1,0
1.0699690143594933,2.3061391289943227,1,0
10.891623872902409,2.157457226792024,0,0
0.050744370517970025,2.3199822646856965,1,0
1.7531581610419904,1.8710637455359462,1,0
7.956978461389317,1.5377168194507964,1,0
11.773152866548127,0.6990170940514158,1,0
10.554414821352488,1.3769687559350257,0,0
2.539498673080245,1.0783767023419042,1,0
12.454172888985388,2.585471358748907,1,0
2.7082375905280593,1.4120570937838317,0,0
3.9363490891808444,1.5616024033922429,1,0
13.723575516657906,1.7757426880202338,1,0
10.48773814302768,1.5218012231862268,1,0
18.91956077463401,2.3475255202153766,1,0
10.718132881697624,1.188675319132774,0,0
8.400443055872573,1.5973037276186213,0,0
0.9835706144841049,1.1287647071509759,0,0
4.584163072070201,0.8399887443896471,1,0
3.0816014785883117,1.1941154545473573,0,0
2.7970020366242125,1.4814816014757939,0,0
36.12309406162926,1.2853488877413701,1,0
4.993874970400237,1.153789510063072,1,0
22.26055211248523,0.7968412681640831,1,1
9.973343857364831,1.4584472136856526,0,0
15.838252526883998,0.7476398129844989,0,0
6.984353243887704,1.8800279818448014,0,0
8.60155902641585,1.5412198764672516,1,0
6.782934333416934,0.7712242502675347,1,0
2.172148953252385,1.3453954614750683,1,0
12.817618030658037,1.1239217972047084,0,0
3.2957736836626292,1.6595872552095903,1,1
0.24616481080688615,2.170225223011572,0,0
10.36968786295274,0.5624137651771277,0,0
1.949335702248227,1.5575130395737087,1,0
28.21083147273303,1.4199336022166797,1,0
30.77562412788023,1.835670038225233,0,0
24.635098846338416,1.6065983141188447,0,0
4.622873964973667,1.1240153341305905,1,0
0.15577315371944384,1.340473032166691,0,0
26.355234573318896,1.1019870715982556,0,1
5.589382770530613,2.038003569299299,0,0
34.00842016122056,1.5106558243359711,0,0
33.137354761302056,2.450595342876504,0,1
19.17387017179419,1.4696695930926895,1,0
3.487760681721603,1.1457966165447686,0,0
4.862919320986936,0.7431428036935864,1,0
19.047266524780795,0.5984301618720275,1,0
3.8114623143071706,0.7079320284972551,1,0
1.857186162957548,1.6335633255057418,1,0
8.137369920602278,1.7543625116149668,1,0
27.512934708070418,0.7094046489839333,0,0
11.908255977579373,1.9475191570380577,1,0
8.441123364356555,1.2584694741582803,1,1
1.022281973493229,1.5733965059927746,1,0
9.545307155177177,2.306110314127712,1,0
46.10569747846317,1.948419657932766,1,0
1.5092058664226415,1.3657346760470839,1,0
7.304953249815037,1.0544038872923562,0,0
20.986086379007943,0.42409229933534753,1,0
13.5003424835367,1.14042334037879,1,0
11.940744253016732,1.3944348805861528,1,1
12.1228755622449,1.006410236424408,0,0
4.454923423149491,1.4343715164538478,1,0
3.475620842670952,1.5384259414793842,0,0
16.573745072597124,1.3875720090959607,0,0
16.613281990870288,1.1749987095882701,1,0
20.17950047367915,1.5843273359833638,0,0
24.446159618366362,1.7209703247847046,1,0
7.160932369329037,0.954800461278577,0,0
6.961843775511992,2.205466189873135,1,0
16.009499323084874,1.4507059338578692,0,0
10.497190748878003,1.5094248114724238,0,0
12.10550648511517,1.8541072116282786,0,1
15.88619474954205,1.6166080656317507,0,0
22.07323476346767,1.9765683169566226,0,0
4.124824071376542,1.643562082600912,0,0
4.7093678872755635,1.1937813126797812,1,0
0.9869603918736056,1.6807517626030508,0,0
8.634140266094347,0.9281368963396691,1,0
0.36604104210856997,1.5542798528882615,0,0
6.266069481821096,1.4833850046777697,1,0
7.822945856871259,1.3959415713637302,1,0
3.376306603145225,1.4357312442805346,1,0
8.936325301461753,0.5590754772511805,0,0
0.30975062101474543,1.2256375461295193,0,0
0.3806349928278938,1.5464224505705573,1,0
17.29351369538136,1.5799281959987002,0,0
4.4658502420774475,0.9861624295370209,0,0
1.3588904129742798,2.1328539204323502,0,0
7.386535882790156,1.0669125758927496,0,0
14.696479404457353,1.9847286002633684,0,1
2.4311800342990337,1.7135971809358423,1,0
9.752196186564928,1.1768863450780984,0,0
0.8921102898989729,2.387655446304756,1,0
0.530650959103094,0.90318158412176,0,0
7.57908940625521,1.9595770868050009,0,0
7.779104426947422,2.000291159021489,1,0
10.145374482046158,1.1646898954616776,0,0
12.949605629166843,2.1962326500321643,1,0
37.23557008699993,1.3749767427005235,1,0
7.262911192303562,1.6443468146399285,0,0
3.900197141059788,1.6301609193856104,1,0
15.856539797326864,1.432845629264726,0,0
3.158514654361373,1.905404136579891,1,0
5.779834312733013,1.8967443602761065,0,0
0.817051685836699,0.6257340133809096,1,0
0.2567760954147438,2.1521701214390765,0,0
32.87379923268602,0.6687540059821628,1,0
18.077676421150628,2.0162731021708287,1,0
11.906427327993416,2.0633525684137917,1,0
5.258596444651419,0.9545167848924009,1,0
1.9030653614210875,1.2945928560227076,1,0
1.7012074157285415,0.9471476657570321,1,0
2.880059891265836,1.3925394848556323,0,0
7.967906483133146,1.3459828579071293,0,0
12.538492877767757,1.88983026613467,0,0
10.793903496967985,2.155154373059804,0,1
3.2841226138899593,2.197841905394978,0,1
30.981034985563063,1.218915986710849,1,0
13.390174048752264,1.3953890631277361,0,0
8.082304819313313,0.6582809038895249,1,0
9.460304720374351,1.0970649667519057,0,0
5.440378655320513,1.9824258165487287,0,0
2.846612922740635,2.307791411774116,1,0
4.400141293231124,0.882825564060039,1,0
14.181818477567132,1.2037678704235528,1,0
0.14498079720804277,1.4867971215205364,1,0
1.2338039223997606,1.6400805794098035,0,0
0.4709437695252053,1.0951982400391769,1,0
0.4158145191729243,1.7120305222320449,0,0
19.342030336156586,1.263080326464542,0,0
12.162406117006883,1.4927738645608604,1,0
6.427845944128924,1.7731421240018497,0,0
1.0295691844781325,1.5032111349054689,0,1
6.7651796579723324,1.2818070547367157,1,0
6.414503320943712,1.4451950980370847,1,0
1.90194712800225,1.4558185203973324,0,0
5.688991313023238,1.3149944850589361,0,0
5.083366145832069,1.3706019686664488,0,0
9.567224329131346,2.2993235852523584,0,0
10.08114536040912,1.7804597239706195,1,0
0.4636232402053473,1.3522598409854198,0,0
4.693840046550616,1.848477202255368,1,0
9.831249947827285,1.333090255121995,0,0
6.9943945260778975,2.0865623187933204,1,0
19.413494531754388,1.6848210960990468,0,0
10.749747640549979,1.4463489279978856,1,0
1.7785286876730733,1.7238584629051388,0,0
0.7318243625624083,0.7145619239657504,1,0
10.28394147108891,0.9366162655450974,0,0
0.2686907266739443,0.9030374968004723,0,0
8.813473778072908,1.5714715473818535,1,0
28.172554553871517,2.366257499742546,1,0
8.567824455775444,2.615650073096316,1,0
4.913006922239073,1.8190255507203785,1,0
10.30827157844982,1.7504222374722285,1,0
6.129559740510913,0.5994711329236305,0,1
7.888143605763202,1.228663100132989,0,0
28.38127146232999,1.1061081240458805,0,0
4.879275273501872,1.189576200874442,1,0
32.49091861506754,1.4159280907076053,0,0
23.57576183769919,1.2639547111514364,0,0
2.1789626094045,0.5103500948121061,1,0
0.7188415530315702,1.873955128058767,1,1
1.0622533548163022,0.9636284871300967,0,0
0.18389887847233705,1.6196234320555747,0,0
0.9920501165575414,2.5370413348749867,0,0
11.488748725771671,1.0403077042067883,0,0
0.7384962694642703,0.23485623862683513,0,0
3.841571882948685,1.3569978890599446,1,0
18.635260400972772,2.0504798174992853,1,0
0.2354700318071151,2.4791737271102967,1,0
16.845305061859584,0.8852252027737916,0,0
3.3108346683962946,1.7483496116182609,1,0
1.2575011982910764,1.2673447716099733,0,0
11.931554084399135,1.4470258228479322,1,0
9.913991764332202,2.8221716735085174,1,0
20.994158140869466,0.7485148358024234,0,0
13.282935787644004,1.6268698307472866,0,1
16.269958059939782,1.7338465858827166,1,0
3.3133386230673856,2.0428931624696736,0,0
1.9533329604044698,1.5489915767354476,1,0
13.887563960054248,1.6540252697520512,0,0
16.442091832434194,1.3041757162891043,1,0
46.5700489014023,1.6345634706225536,0,0
5.32079354152605,1.3284038622512948,0,0
4.652439119617327,1.8107859449280255,1,0
14.97954503343587,1.315194831978183,0,0
4.1673367093075315,1.6885501969510932,0,0
26.701379243993266,1.485368593157511,0,0
19.548391571662492,2.0630251253860843,0,0
5.603556094421597,1.474303138205757,0,0
13.89784716495461,0.6134837658965593,0,0
14.04632986855017,2.130960750356996,1,0
1.0883751880671801,1.0471338495686906,0,0
23.284456808676318,1.1731168306755901,1,0
7.0370748975675435,1.202169352978254,0,0
17.5133255752333,2.1872190465854087,0,0
3.857354261645083,0.43216289301065225,1,0
22.58790514545926,3.068874266829997,0,0
4.929884540601712,2.0280284045330257,1,0
0.10896806615175478,1.6116194570645799,0,0
23.579072969624537,1.4725529996918567,1,0
0.9572561054847526,1.6427770374288284,1,0
3.8465363338503886,1.7605612141896692,1,0
29.969723831882856,1.8226077929750284,1,1
30.079495401039896,1.7778022330017242,1,0
8.519972910552639,1.5447903406276244,0,0
9.992300803905247,1.401330789846337,0,0
5.950146636228576,1.4243633581732442,1,0
3.4702277874619702,1.4025458598236595,0,0
3.9848633455038973,2.0668850484335324,0,0
11.163235799285063,1.7967783611404309,1,0
13.958378736630772,0.02980568266785988,0,0
15.681954162211486,1.8279503882648804,1,0
15.588310318487418,1.5973680973593873,1,0
0.9563694654031945,1.4906456217770514,1,0
6.82049596573356,1.305740773455557,1,0
0.5928170644873779,2.0620563599930066,0,0
7.974613156953929,1.973763231061429,0,0
5.825552749872836,1.1135611660881954,1,0
21.866186642208014,1.7035261435622675,0,0
4.321916194678851,1.014171632729357,1,0
1.2450597755245087,0.8101909176055347,1,0
1.5430765454211937,1.1866413877050175,1,0
14.334305470790937,1.9311967361913793,0,0
9.62905679748035,1.9765625226880434,1,0
1.0660871224538544,1.7565427100486466,1,0
0.8785552166860509,1.8625478934239985,1,1
12.072084716530998,1.7580891435574793,0,0
0.7554608952579713,1.1792592023885238,1,0
17.251858538085813,1.7159612723369704,1,0
12.24999753130005,1.9002047626138412,1,0
0.8484875058031206,1.877145664906787,1,0
0.8865386777780669,2.0944566857373212,0,0
43.15458562058092,1.854151923600532,1,0
4.688375825522896,1.6757241037707915,1,0
4.630552604753125,2.035075119158214,0,0
16.755754032826772,1.4867393703754699,1,0
29.421645379632437,1.059062674386141,1,0
42.68773939601984,1.418466518028118,1,0
13.998992301163417,1.1275486775967756,1,0
4.720209996191256,1.1624108625128091,1,0
0.8719399369795726,1.427740664642241,1,0
15.012425404546256,1.1037900395000193,0,0
8.17360407561493,1.3460192351804798,0,0
5.520331253049737,0.5531926665231072,1,0
23.682376754780904,1.6066468536864693,1,0
1.1788020797188024,1.5006027376811122,1,0
6.7850510937295425,1.0914556844659047,1,0
0.11418589432541669,1.8296228342162024,0,0
6.323543695829263,1.968785068813279,1,0
0.5795043106592578,0.6962200678155129,0,0
1.2649099593117121,1.118637610716893,1,1
1.2502623200745626,1.1154288251063509,1,0
10.475683864069715,1.0300484494455677,0,0
13.705977175964728,1.9147374209658743,0,1
8.755537772028685,1.4030869306135982,1,0
32.74720209102377,1.3677425793446947,1,0
4.697965779202672,0.49806881779662326,0,0
3.364691574205587,1.8177090151046131,1,0
20.295025381702295,0.8803708025732637,1,0
2.530820677318534,1.5299663151331642,1,0
33.028701062519104,1.638688468979096,1,0
0.12228944358969307,2.1803292979193256,1,0
35.02526922879482,0.845589800440444,1,0
0.4411899861850189,-0.009756077910412664,1,0
22.17721229160009,1.5919247723768475,1,0
7.501432503493904,2.400255590755427,0,0
49.56828607926033,2.1194731764697186,1,0
0.7666137595445494,1.6048297076373128,0,0
8.071096637333488,1.2541819071839764,0,0
34.83575221256005,1.9035612983186552,0,0
7.40443933181044,1.0132269001477656,0,0
9.926282903811874,1.7381788846781097,1,0
11.899012381167742,1.7527350795833134,0,0
6.061277556769509,2.03010495374944,1,0
9.876741730080221,2.8798300194555386,1,0
8.778258618057556,1.6962079835893835,1,0
23.142327694826474,1.2455181871462506,0,0
0.46511461743480975,1.4872128439040029,1,0
3.2984272589875845,0.6154620475554409,1,0
30.03996005860931,1.152643434455471,1,0
22.09675828453486,1.295358780943448,1,0
6.0817526195962,1.2379558010327036,1,1
9.679330287389773,1.576177436016861,1,0
3.2487341989513014,1.0887900338088996,0,0
2.084041614360645,2.0605153336622357,1,0
6.230585988040987,1.5001035324590986,0,0
4.359535346167334,1.4953498394306928,1,0
8.76243706006643,1.336052641743541,0,0
0.8092228443318479,1.5775953419294895,0,0
36.64960122522567,1.9125491323338173,1,0
42.83865575552539,1.06643489214455,1,0
11.978638819127895,1.1709417554623718,0,0
7.680784344120899,1.3481369856116676,1,0
3.7037930155436,0.8270645382633925,1,0
16.809071674879966,1.090371070139251,0,0
11.543295836488156,1.2618895632276705,1,0
1.7747365410048839,1.9371945903563637,0,0
24.183010919991276,1.6312806645009625,1,0
17.289945113672715,1.5967949556837722,1,0
29.917385250334362,1.925448981083986,0,0
12.936040041961343,1.4313141058003016,1,0
9.504040195913728,1.6952324249644448,0,0
5.417025065931133,1.4483891235337518,1,0
26.99018361547118,1.6326811746998142,1,0
20.1039238004692,1.208620671194209,1,0
0.46272938653122786,0.28059142086178546,0,0
0.26720816866511365,1.432860418906848,0,0
4.723477615832628,2.2113740680499703,0,0
16.63647722996086,1.9631077011207962,0,0
43.64275468220168,1.9826987422955853,1,0
1.630095099344797,2.118065360903109,1,0
9.017241302157357,1.5443287954807188,1,0
4.794736997580961,1.5986578537027978,1,0
35.03708554375962,1.191174052282825,1,1
18.459132074336345,1.341963571986475,1,0
18.22190046469857,1.807885574885571,1,0
6.324155711397736,2.101942218584408,1,0
5.35834936327349,1.4302768621595003,0,0
3.193888921500612,1.2749053675742943,0,1
0.5802696384483621,1.5002639794282986,1,0
20.0042614000331,1.8006033744645573,0,0
16.76117439249923,0.7780725919332291,0,0
81.72445597818083,0.35190952343138093,1,0
56.948734007443335,1.2247315752542083,1,0
8.10651592641394,0.8896437870429207,1,0
14.652830902062608,1.2459299011763445,0,0
28.961716828744358,1.4261098405912642,0,0
18.947720147092458,1.2733757954884932,1,0
2.8415244458114652,2.2262337672353727,1,0
5.988268273998645,1.66337238230116,1,0
1.3829634431308866,1.6502371798054143,1,0
30.802237864417087,1.811103572021701,1,0
9.318477025886182,0.9305834411096154,1,0
2.596037254184837,2.0195558937101343,0,0
11.138295391732502,1.4621178567322701,1,0
9.626704347430717,1.8352403086206062,1,0
4.434204622971061,0.9640713834799223,1,0
1.2053912139846927,0.7231206169919678,1,0
11.134412835191021,1.9089448290125144,1,0
7.3461042418603775,1.6882047630487582,0,0
14.79807080960515,1.0489742228212449,1,0
7.343098604235151,1.0651684593626527,0,0
19.11770111308484,2.062717392207385,1,0
8.027541190214876,0.9052940535663361,0,0
8.231145809801472,2.3213364766279816,0,0
20.927586432297716,1.0496896326760656,1,0
5.1664731398811705,1.8191959628041916,1,0
1.4388795539029895,1.3356907621255076,1,0
0.29205021432094685,1.8015937155411716,0,0
14.070574526625856,1.2279429989429036,1,0
9.683989670606795,1.418603546963853,0,0
12.176653477978764,1.5204595876978606,1,1
2.3948149349344345,0.9989062721092636,1,0
1.4661255122827865,1.8704121727100629,1,0
0.14651476265668784,1.2433932167642074,0,0
4.316872615150692,1.3857000423299908,1,0
8.913973756649446,1.0028253126957438,0,0
4.979818675611507,0.21883317060234475,1,0
5.753195628284312,1.4044861186999156,0,0
23.450615229814417,2.706307710806458,1,0
4.2810261442511175,1.892302143949012,0,0
7.215250280723211,1.4903698101328027,1,0
15.308717377197016,1.368554585395866,1,0
5.050801312991798,1.5112329464060232,1,0
9.730904753530854,1.773559557587605,0,0
19.831406436843068,0.9095935923455776,1,0
29.86190415374668,2.057160847334436,1,0
1.5908187931483597,1.857690657720622,1,0
26.116627630420787,1.8590928628539674,0,0
6.775027809955306,1.7192378694048636,1,0
2.9873545435139577,1.509808328846995,1,0
6.145869673706975,1.83643061798341,0,0
39.13653097580592,1.7959070668706891,0,0
6.784912926673598,1.3229796445294881,1,0
3.9861603210049976,1.2131991135515494,0,0
10.034862739576596,1.5509281476309933,0,0
2.7462846771560296,2.274510075747594,1,0
0.7889530497623504,0.8804464621730496,1,0
1.3797521971241586,0.76623736712378,0,0
1.3701842406700713,1.5823804206182583,1,0
1.6475990155667297,1.525443850928009,0,0
1.4946006606751654,1.586670832185204,0,0
10.240840510758066,1.62197659895425,0,0
2.0074635703448163,1.3883988726825975,1,0
4.241393157948052,2.244931719301041,0,0
22.709741251283578,0.6995480107617422,0,0
6.423811416465936,1.085751487609877,1,0
11.012890836523805,1.4483726199254763,1,0
1.8912851711321648,0.6784055944229164,0,0
2.1355098099509506,1.4120727977839644,1,0
0.41727212717565304,2.330735082864009,0,0
1.8504734406558088,1.510443244147981,1,0
3.2654811863114555,1.6153504528593416,1,0
1.9481181748310794,0.8699176174137099,1,1
0.9288590786036757,1.1918192959802614,0,0
1.2855621349335253,1.3124018098380315,0,0
6.176293433653791,1.341142451621883,0,0
2.310922063450966,2.1408218975018842,0,0
4.5298111551091855,1.7788455303625623,0,0
7.000051847143304,0.944271021531484,1,0
11.724574340125422,1.6232523892160025,1,0
0.40105730100015424,1.7491108742483925,1,0
16.064942438261195,2.070074519260633,1,0
9.885936903672963,2.290270343284187,1,0
0.8529543037633426,0.9924529040860657,1,0
20.681346984880907,1.0945712443948308,0,0
25.36693546378928,0.8712110705426919,1,0
0.6302282756016341,1.3829900704465092,1,0
3.2417684312865083,1.7331791872231672,1,0
16.409351832266424,1.993667258294551,1,0
13.793572402143084,1.4620244881787385,0,0
2.039796320618005,1.340076238372578,0,0
2.3489903118153324,1.5758789961243702,1,0
4.6278511002436975,1.0824285491849885,0,0
6.6266256466861435,2.5447693608473867,1,0
9.63001834058552,0.6961694864409707,1,0
4.603125630003512,1.5923702894478622,1,0
6.208911092209176,2.51180310961482,1,0
13.762289403898425,1.503399922279999,0,0
0.37372952321478464,1.4049804824992527,0,0
2.909366218823972,1.3212772885947863,1,1
12.494918749560258,1.4098041591187962,1,0
22.557667543306135,2.186424237338265,1,0
7.167791122084008,0.3940690443352466,0,0
7.5952950235306895,2.2667168506481628,0,0
1.1336133854066337,0.7880214237749275,1,0
5.9314324608355085,1.3666738353827925,0,0
7.6060679905529,1.285377789850669,1,0
2.7769280326065333,1.7942766348853598,0,0
3.1367461187854384,0.7009378240581262,1,0
4.73664984802472,1.7310863330409714,1,0
0.20275360750314514,2.512154811643426,1,1
3.8872476125613575,0.8184129977035948,0,0
2.3755693562362987,1.5948530838051977,1,0
3.9674923023198265,1.1690089111016955,1,0
1.2756310328478127,1.712943603096518,1,0
22.120798999430246,1.509573888707876,1,0
9.003988138795599,1.1792565454778452,1,0
11.366329578930316,1.743936142435537,1,0
15.567090323777911,2.4021740548933717,1,0
6.900364218488852,1.4045481041363506,0,0
0.9093209451745585,1.859878971074091,0,0
7.702583632948226,0.8533635210644182,0,0
8.839230578713735,1.0217818115909956,1,1
13.682166488084093,1.7362031389401886,1,0
5.6503464938298205,2.2420580142679825,1,0
1.3648466672931223,1.67780667439283,0,0
3.337621802617039,1.3434709847384227,0,0
4.511148254746234,1.499645702711677,1,0
10.382246116218617,0.8747961330151413,1,0
8.457817212014195,1.8022576631776834,0,0
4.402067596518061,1.9411665311617046,1,0
43.06195772169812,1.2739548335834598,0,0
9.308330084672093,1.2649789261202493,0,0
2.7079452875679992,1.6329391148260242,1,0
1.0734300462488686,1.2816401319797022,0,0
1.6588829258982587,1.4669336926870888,1,0
2.8230684939514097,2.549860894583258,0,0
1.7516487495429403,1.3764871496270017,0,0
2.064917454545804,1.3208299239893888,0,0
3.3560584821544652,1.1762290971824205,1,0
1.90402433662887,1.8720959857499684,1,0
22.707514493559152,1.4093879133909486,1,0
0.8363571259200016,1.175313480839287,0,0
7.434123501127027,2.160652016136506,0,0
5.283055564893023,2.2098015022568185,1,0
40.3864216601592,1.1997882171306475,1,0
1.188273456974049,0.5667300243196919,1,1
5.072579937424305,2.003756844918461,0,0
34.89059664126715,1.157685087119998,1,0
20.062440619681546,1.8953127995813843,1,0
16.986630340361796,0.5149480911440822,0,0
2.9827508353350463,1.9462986691496547,1,0
1.8739953278648755,0.8944140353596094,0,0
11.045595986817835,1.8653820595332622,1,0
26.503850949599553,1.507136533918217,1,0
8.136504219047422,1.0230302903016777,1,0
8.477275614585865,1.2964818435366097,1,0
3.284750308106508,1.8431592284783505,0,0
14.674737584120885,1.5529472265576172,1,0
2.0707798214607083,1.792206490236242,0,0
3.910878131192326,2.4882202922577425,0,0
5.541445500698305,0.7178791941444743,1,0
7.084849626446985,2.308606287484312,1,0
2.7761258356960585,1.5521779687616064,1,0
1.2198327214413545,1.050607975838436,0,0
9.431996574293565,0.8348431871305051,1,0
3.4056336843654176,1.4054398046114833,1,0
8.704530682924435,1.9608250559622298,0,0
1.676647527706798,1.4362254398112329,0,0
6.561213780285275,2.2555774651236735,0,1
7.605472481290779,0.7744121549742206,0,0
0.5321465145712133,1.4939555260769728,1,0
4.103836013804233,0.8738032777934405,1,0
1.443493268319316,1.681815941312484,1,0
0.6547225877252488,1.9434436950486502,1,0
46.012013113953245,1.2896191031594735,0,0
3.8913002251942026,0.1978930716864329,1,0
16.600706137698985,1.5994740733982473,1,0
2.938888342934014,1.7183692758667548,1,0
11.441413510203516,1.7021473774808489,0,0
14.280662228282086,2.117891095911077,1,0
9.054465941691397,0.9644731601754756,0,0
6.378566440452717,1.8401080527252247,0,0
5.307578135053777,2.0962537562389874,1,0
4.290433017039748,0.6107062079967416,0,0
26.52556048220781,1.6598259129594886,1,0
17.75607071141798,1.2479100844961644,1,0
33.53176389415692,1.459238663449177,1,0
1.3272854183610554,1.6738382417691682,0,0
13.125513634605074,1.2563857179432238,0,0
27.861272652612406,1.1621459604191942,0,1
1.9995580970079767,1.5170762087440124,1,0
0.6881031747249687,0.9563770305685987,0,0
13.513931531886222,0.9570874355574073,0,0
8.544271441986698,1.8396866414782518,0,0
18.44077141321478,0.925602982420672,0,1
1.505582464141926,1.833156250454606,1,0
15.860501110318681,1.7312956464269755,1,0
2.2517977306702295,0.6370966356047016,0,1
1.78715198965518,1.1612176738321724,1,0
1.794446565599507,2.0970547015236862,1,0
16.851032825640086,1.0094172344301593,1,0
10.942136390159689,1.2677978688453062,1,0
7.403759563460444,1.7310304466259483,1,0
4.444614016780681,1.8916952546412977,1,0
20.972026672943326,1.3742305569777522,0,0
4.98312749697445,1.2012449026541792,1,0
16.960826628480696,2.211184930849254,1,0
5.782748811138804,2.3694498318987893,0,0
4.731195658177371,1.9894290253908977,0,0
6.2116105989960255,1.5426590712825121,1,0
3.5864527543064204,1.095867139179537,1,0
13.767773129369393,1.0847777967217174,1,0
6.98602815695596,1.7612570526328788,1,0
2.6424253099706525,1.7091991104443418,1,0
22.983398495505835,2.200799296473215,1,0
4.843317423587113,1.8252250462680695,1,0
7.8428238217776345,0.748459849120091,1,0
23.694956087096266,2.025973808861459,1,0
9.787993038573306,1.0009696863427935,1,0
1.2431461585777974,1.3080143640238242,0,0
28.106166839322093,1.6251001031258472,1,0
9.880769289348262,2.4978337448919823,1,0
4.078263155513094,3.0549592780026806,0,0
1.499768206164258,1.8033615295680914,1,0
15.800013956802669,1.408401690639806,1,0
9.677755075628523,1.7672528242402752,0,0
7.624138580490282,1.9438277129369181,1,0
22.433033305364454,1.3396661872214042,1,0
15.539900136960721,2.397605677956161,1,0
1.644913201263409,1.615035379595701,0,0
3.735625513958005,1.748871544545697,1,0
2.8566961854883792,1.8329621260272306,1,0
13.623680618684116,1.7107933053072277,0,0
0.3410753985783793,1.9194702502348062,1,0
8.43713556386143,1.1913734067265385,1,0
14.374137158597788,1.2208491230269847,0,0
20.93667344385938,0.9499228835141525,1,0
4.1867459354509275,1.7197506153101132,1,0
17.21807963541003,1.889468251756057,0,0
1.1724388509877735,1.7288864330759428,0,0
18.737439572116877,2.3372462166737686,0,1
1.3637963052807085,1.4972019905854768,0,0
5.0631463120986435,1.8343708277962563,1,0
15.960053633264899,0.9541495619303428,1,0
1.6242178992041616,1.3064501487627995,0,0
2.6039302244475095,1.8477688787828888,0,0
12.810430976449055,1.924551055371572,0,0
12.730961719916946,1.3530165261679088,1,0
10.248442087373908,1.4642003740709666,0,0
11.84001709087617,0.7410631266595953,1,0
7.824691011956382,1.3214853995966953,1,0
2.9008369925940993,1.945191581759893,0,0
4.241831937932634,1.7876025080532831,1,0
2.0040127451653182,1.7503328606906048,1,0
23.908761393236517,1.52488684359048,1,0
8.756090546365986,1.5035315793140882,1,0
5.122456594790224,1.1698394302632764,0,0
6.199075063211633,1.8494142101012674,0,1
29.42823736997211,1.7104864721946949,1,0
1.6646955012850069,1.7460094239963997,0,0
8.824446091085541,1.2369825786662099,0,0
7.049944407931773,0.4233285400643778,0,0
9.453443180030728,2.0485763558768477,0,0
0.18276180406497233,1.2605812719957978,1,0
20.566935225406965,1.0686121179784398,0,1
26.89988536691252,1.846739455956997,1,0
8.327154639433976,1.3039936800404353,1,0
11.928707405259582,2.029968192023311,1,0
25.574693578456262,1.8085029747883488,0,0
12.283974533925182,1.8417846616002387,1,0
1.655105091241217,0.8170221443997329,0,0
8.587021498525601,2.1059719926932003,1,0
9.33220857034015,1.630625265616928,1,0
5.518745039228211,1.3153614303768983,1,0
13.334903038833922,1.5716942336711255,1,0
27.236768857624746,0.61188238355084,1,0
25.978762130541174,1.7043264057403353,0,0
5.9936429630361765,0.9853142459089642,1,0
1.2017870455178419,0.8236648570782328,1,0
41.89173989120707,0.7388204068910544,0,1
18.25718110818443,2.056344187494963,1,0
1.331459597170634,1.1853683031536058,1,0
25.36307940963276,2.26686385495825,1,0
20.394239312268635,1.232099268473851,1,0
7.315513859686492,0.6463210212035266,1,1
8.94713786829075,0.9417377800256704,0,0
5.091648434090136,2.117905810003469,1,0
0.5631814924329379,1.4220509110316661,0,0
4.082648863007411,1.2258563517546994,1,1
16.238079110661786,1.5800091129263938,0,0
0.04642784066342885,1.7508913680837725,0,0
4.057138965901687,2.0586994079512304,1,0
5.077780948546781,2.224249614946463,1,0
7.708830241238818,1.3201156771054572,0,0
25.239254761530418,0.8369761569589809,1,0
4.251771108907901,1.293267419438362,0,0
4.261064859584953,1.630140253291443,0,0
13.375089516655656,1.0181205368946946,1,0
6.018777734923394,1.0214245425524786,1,0
2.5438247370272538,1.6718939407749427,0,0
6.022823505761551,1.4756738242147744,0,0
1.5181992193138705,1.5163984977057932,0,1
1.9405450320809674,1.1207523326499653,0,0
6.898880428028177,1.3847996428971163,1,0
5.42876216256007,1.0378834278658478,1,0
24.632927352528128,1.9450992055623935,0,0
4.500345830397283,2.0176246673618765,1,0
8.68902383785272,0.5769060688809531,1,0
10.00390772517848,1.0352445699037949,0,0
0.13180944825659227,0.7517353724549605,1,1
10.89268197035989,1.174988032796551,1,0
1.9605864019924821,1.4582810151048196,0,0
32.45998272272426,0.775177390150735,0,0
1.6094690431018008,1.0390700934373434,1,0
5.355011145366069,0.9980213139592508,1,0
0.8921343765050314,1.603633664699472,0,0
57.68081615150759,1.5346721685181253,0,0
6.975468656582261,1.1391312233313733,1,0
9.048193240889457,1.588410436069699,1,1
0.6943205082825417,1.2266599577063673,1,0
13.86136255215999,1.3641724448369734,1,0
2.356028382502632,2.3367260451492684,0,0
22.833148568116304,2.1702305258951737,1,0
2.2958882816083332,0.8502093815362012,1,0
2.1157042980881586,1.9148662089395874,1,0
0.37234341857672165,1.905698277245796,0,1
6.387857932954639,0.9258683556236909,1,1
8.320441036761805,1.9093888218774304,1,0
0.6796694017915648,2.2689659592062763,1,0
14.940025935983723,0.9387275968777931,1,0
6.038346502936217,1.0412485894928682,0,0
7.431576545925969,2.0088307334217514,1,0
5.811814717875803,1.635747655412824,1,0
5.120982012749213,1.7757381376197616,1,0
8.201634571378747,1.6702946082002483,1,0
1.6870300676095549,1.695347960464072,1,0
2.008050862086255,0.8367639358444585,0,0
19.789493282961402,2.023658853310724,1,0
29.209117092646856,2.084794996213887,0,0
4.673021874751385,1.3853046279659862,0,0
3.15731365692666,1.4782615250930689,0,0
10.328232650944571,0.7344462487221389,1,0
5.254895676072463,1.7571273780089174,1,0
0.2571414873264703,1.786028720857072,1,0
1.697836032995106,1.4689044915003444,1,0
12.586832598530455,2.0621766799352512,1,0
10.756497823175357,1.3329613845100297,0,0
0.27469857884440096,1.7823029629468001,1,0
2.50992973866705,0.9901678306539422,0,0
2.62761578950931,1.488223924562881,0,0
11.144147228278518,1.4128228710485822,1,0
0.19907381292139403,1.6126539610204709,0,1
1.099360586013728,1.3152365355833207,0,0
16.090184272962414,1.434263702164166,1,0
1.9667770945178533,1.9130235857207532,1,0
10.576990889205769,1.2816178813808912,1,0
2.7204862220899524,0.6967114496306603,1,1
1.0474003348487133,2.3747919521027105,1,0
2.786195164114473,2.1907270393452434,1,0
12.810948130970319,0.8538686524471907,0,0
19.358363374539294,1.8448539026225972,1,0
17.732509999755642,1.2485126147243284,1,0
5.061424894750885,1.6317436076655298,1,0
11.02876778404595,1.647112064506747,1,0
2.293934103289808,1.382796099841839,0,0
3.4693358861251684,1.1081171672068018,0,0
22.665986286309042,1.1547294738418703,1,0
0.13087188396285002,1.0419040422593788,0,0
0.8938713963044913,1.0840888958847776,1,0
2.330502802398152,1.4664108549753223,0,0
0.26890535224316886,1.142120005444624,1,0
2.0020300329027276,1.84102603285631,1,0
8.747687287443666,2.2436230776679635,0,0
5.471863183678004,1.2099733793149785,0,0
22.318630208218273,1.6197022502676885,1,0
17.006959030194785,1.749842555151467,1,0
4.1827280516903205,1.7360011354596372,1,1
3.0032625214727853,1.5379776339580438,0,0
4.7753980810853776,1.8713412091798611,1,0
8.923177501433052,1.7411244763403286,1,0
3.120617098152729,0.8811687888363511,0,0
9.785622455470875,1.9345780321946366,1,0
5.266360392798112,1.9436454186333711,0,0
8.030673665148445,1.1183569479107092,0,0
5.72925395091112,1.518968917723801,0,0
3.4879997526233315,1.8416644964055346,0,0
29.652672211522034,1.3953430902103192,0,0
14.422545037326362,2.036489023883006,1,0
1.5095449812302086,2.6819362473096806,0,0
20.285049277193238,1.107006983682509,0,0
6.683203296619165,0.8094776984231126,0,0
22.495394902897434,1.651909297802438,1,0
16.087144539299004,1.8607812525630718,1,0
5.537566192586073,1.3845668130776154,1,0
0.22725589477540115,2.226630331660517,1,0
3.129005477764867,0.8306971001383756,1,0
7.800877556797962,1.8464593115158054,0,0
10.036973319345364,1.1970695896205532,1,0
2.982546799289389,2.3596889531036482,1,0
1.5007441883071553,2.496257676584059,1,0
18.013870871623915,1.116671706108326,0,0
41.60624163187234,1.22522143204571,1,0
7.458945469720869,1.929793943489901,0,0
1.8835486366007392,1.3064346751052427,1,0
3.1787647172893285,1.477294391033881,1,0
0.18561887410766006,1.512694210271205,0,0
24.56888527693557,0.5401634219011718,1,0
1.25281043846203,1.4930811269528814,0,0
8.592406688681558,1.155136112967913,1,0
3.2028132860279293,1.253438588800114,1,0
8.078355154069852,2.221816001734407,0,0
10.53888633986027,0.8717465528603718,0,0
17.7043919242236,1.9066025933739885,1,0
2.3120252750453583,1.3605185348340958,0,0
0.11056729631697196,1.3601199157520827,0,0
1.4720807068739052,1.8951859480258557,0,0
23.027715288531816,1.6700256472844452,1,0
20.706013520531226,1.7853064986097655,1,0
9.098443101964925,1.9840923302664306,0,0
9.175837185053469,1.3343458084083386,0,0
10.937342294075126,1.1938816327461248,0,0
1.9282202863855216,0.957424736721101,0,0
24.582095607713015,1.0872947350105224,1,0
5.426096343463181,2.974547212654363,1,0
4.8311079932786845,2.122339790368393,0,1
7.31716932622681,0.8244628168959893,0,0
0.48104664291977217,0.8387710216282149,0,0
1.8186170504927233,1.7409330308592457,1,0
13.395390904239633,1.7736323986889835,1,0
0.8642827567184359,1.7744419176586823,1,0
9.242022189851156,1.3725221032231512,0,0
2.815000336004408,1.43727286999855,0,0
4.931422569251883,1.6639397620796788,0,0
3.4065219195414596,1.5429465031466651,0,0
4.395484777228535,0.39034981362623244,1,0
12.695639866386868,1.3851001847124031,1,0
3.5257153960555088,1.074296782869843,1,0
8.356435307057023,1.587605709454256,1,0
6.463597866902617,2.992629501301705,0,0
10.896659230926783,1.6837408327371521,1,0
27.61921647512969,1.343235156913801,0,0
13.189052712550428,1.960900750988626,0,0
2.4199561324404733,1.7413439436046063,1,0
0.31679678824257845,1.7100472452259206,0,0
3.041693020055879,1.8034252966078355,1,0
9.040606518730973,2.5282717824147705,0,0
0.5279527809977468,0.9345557823370422,1,0
6.859059560261889,1.7368160384057272,1,0
9.084288399875602,1.0368094350092307,0,0
4.068318779381004,1.7777563231711242,1,0
14.736499591467346,1.0406567442569528,0,0
1.12718914764678,1.2913165931974577,1,0
0.7811050579224701,1.352455042881047,1,0
13.026474102163927,1.9879083596723546,1,0
6.841702266630686,1.959227221971207,1,0
11.660426557331409,0.8771413117768078,0,0
5.706239991288573,1.5274670554999243,1,1
2.828962537585316,1.1452100726254137,1,0
17.09823698571196,0.8707475446623327,1,0
16.0652156396019,1.3914914747878149,0,0
11.864488197091214,1.34575860577209,1,0
3.1765361498803206,2.7133582431727614,1,0
8.921608797234642,1.716479912680348,0,0
4.478099755798221,0.8111912496228814,1,0
0.9605073460665323,1.217612997914529,0,0
24.926998435376415,2.010691647714699,1,0
1.4713044881952002,2.5442213864349625,1,0
30.004906531227626,0.7070083438810209,1,0
5.906010127908722,0.5600378074304775,1,0
2.047302819134658,2.435482587685891,1,0
7.806698461517366,1.6948070886854518,0,0
20.631417942820587,1.0658536340618168,0,0
13.176077791304737,1.7673145430612176,1,0
16.427938260737573,0.18212613049156112,0,0
10.752377151704026,1.5016877532985804,0,1
11.785538361415322,1.6639105864215427,1,0
18.917719880502794,1.9621350697689148,0,0
2.8723951554012013,0.9930520238537311,0,0
6.722176661712414,1.5428435807016796,1,0
2.5001312910612232,1.0372876869702063,0,0
43.95558417405329,1.6276918778371585,1,1
28.834637873204144,1.0523268388184879,1,0
0.4022510120537909,1.2959495804198897,1,0
12.227315631957289,1.0020923026048854,0,0
25.935835574752556,1.8255681209118286,1,0
1.9915282538785002,1.9292255583283326,1,0
8.392029176459022,1.3826897150212931,1,0
24.708652641255302,1.519118997480014,0,0
0.3453552354421181,0.7757042926832279,1,0
11.954104568928853,1.3501616759966064,1,0
3.5289496474521282,1.4748976914791276,1,0
25.822486713556756,2.8103965455149877,1,0
35.424699226222536,0.9440164871129182,1,0
28.871736812409743,2.232088619376219,1,0
6.4286140519845825,1.998429386732904,0,0
19.808107067353582,1.6403182022450682,1,0
18.614272732990788,2.3793102420975667,0,0
3.8434052151953435,1.6860527363034314,1,0
17.655975413946532,1.6945795978339644,0,0
0.37709795268909724,1.4734396734912274,1,0
9.070086402878069,2.1117844412093136,0,0
2.613762411972857,2.0482346169054417,1,0
1.2847776747164406,1.187161356251894,1,0
0.8007534330438275,0.8403764027006163,0,0
11.91677949688237,1.3985096813021713,0,0
4.153260130685671,1.0999807178011767,0,0
12.901364372203776,1.4682377126923225,1,0
0.6758993548947433,2.1187190673420697,1,0
3.787603814176782,1.271349172456605,1,0
7.7542351440004955,1.4785883093442125,0,0
15.640973333379875,1.5290113674041976,1,0
3.8382960704015896,1.9242154411026422,1,0
9.832090864021627,0.3765553330076974,1,1
21.713616587242697,1.1966498526173517,1,0
9.567565090720862,1.6056418461397364,0,0
2.6521564296584947,2.1000394782134304,0,0
0.24703413744155223,1.2540487762468975,0,0
20.409816863741813,0.561723646979063,0,0
0.21498864160261313,1.809855722983068,0,0
20.770577666041703,1.1823188055871854,0,1
7.527637204695544,0.9051666704548194,0,0
27.979918427926627,1.1878273051433879,1,0
16.03372523023125,1.4077373211720752,1,0
61.82194410847326,1.1976276677308937,1,0
4.318786168482837,0.3972169714504654,1,0
14.575252591114578,1.948533098443566,0,0
5.140490026229409,2.137437520639361,1,0
6.536873042851913,1.825760995669753,0,0
9.875329076281155,0.9311571647875917,1,0
20.6891406403239,1.399254233026241,0,0
41.403970368413084,1.496739342385271,1,0
14.621971103392251,1.799397194780955,0,0
5.408841935911418,1.8341702443590404,0,0
5.470695758190241,1.132913100610752,1,0
13.378177759736655,1.5409977782067803,0,0
2.728291200595943,1.7286402023076206,1,0
1.1706666958066148,2.2279111610733833,1,0
4.379193315941165,1.8522532699123615,1,0
3.38609106417826,1.8945283436877594,1,0
3.5141468973230556,1.5419133139646806,1,0
2.6606116595949674,2.205229572601752,0,0
0.43004780937347326,1.7048813979797486,1,0
0.1803560283194906,1.0694560449132147,1,0
43.99977979112302,2.2016849850625952,1,0
5.58219746892102,1.8489516362695138,0,0
4.850387274553178,1.2784779894357587,1,0
11.38332648626447,1.2602535163003783,1,0
2.4622525594093334,1.6482877725703808,1,0
29.94956253739776,1.7315923976337924,1,0
15.433927818755862,1.5986461328156032,0,0
0.9366363864100695,1.6556543367214425,0,0
5.405647740333897,2.34997868728819,1,0
21.129429601408532,2.035771576117443,1,0
28.955616031208322,1.5953177956325122,1,0
6.299874431013923,1.9706552903837418,0,0
9.503941725764365,0.9837380482362302,1,0
1.8276238925679855,1.6989635249734045,1,0
47.294446860928126,2.404653174866555,1,0
2.635381650176833,1.3909770523038132,1,0
28.60009331493888,1.0761830356904576,0,0
10.4881305946856,1.1739555557034698,1,0
9.358222228721939,0.9551834813288058,0,0
7.188517525924412,1.1076190459361483,1,0
2.622350280519626,1.3147459507049855,0,0
1.9422577002336727,0.797216490410679,1,1
2.4908489862050676,1.5078091669748015,0,0
2.063334635545502,1.9511385868933235,1,0
15.122407575727966,1.0461219099265398,1,1
4.309756410730744,2.2596419618208845,1,0
0.5958300833276848,1.7553960442637973,0,0
34.770842165267744,2.0152902928120286,0,0
21.523209700260004,1.1710827230739316,0,0
26.276545538067545,1.927262613533308,1,0
52.80049769049707,0.9540330498023435,0,0
1.9103369657618532,1.9451237504182544,1,0
5.045818548938808,1.5859196698967657,1,0
14.198034754812706,1.7766256099923918,1,0
11.907954024213375,0.9122026971875742,1,0
1.6711288479350686,1.0524650788616976,1,0
16.91913002986315,1.7986141091266923,0,0
2.541706672405863,1.0258259978878996,1,0
2.5336775396964306,1.7316031460495616,1,0
7.69972984290837,0.8164310967698771,0,0
8.98794524186919,1.924087106333334,1,0
8.677058455294674,0.8837383426157455,1,0
0.9594590297101374,1.7761499688397615,1,0
20.993248112914237,1.8128154668230003,0,0
3.0870149766701553,1.1516140907852126,1,1
1.387046609694003,1.7910132835423633,0,0
21.959580984800336,1.630221131666778,0,0
31.156763527532792,1.230579071903631,1,0
19.814267844749622,0.995722657961896,1,0
16.581874697336122,0.5186871541637105,1,0
10.6491250119862,1.6748250236498468,0,0
8.004147815698987,0.7175986143189724,1,0
0.9100489675235081,1.5476720997206541,1,0
5.250144999102648,1.3682758919588753,0,0
4.663120786306162,1.8395713877190978,1,0
3.007724234762845,1.3489772502550679,0,0
12.852555799970684,1.3352761068264543,1,0
6.849324839176536,1.8659353521441477,1,0
0.8451944723555854,1.6675290145420587,0,0
2.486962611804165,1.658077978591389,0,1
11.49670127597249,1.7346337949042632,0,0
0.7918484019491232,0.7322139383964471,0,0
19.051986230442047,1.878394339993491,1,0
6.834870443120784,1.806234397006801,1,0
6.550551374355909,0.9916584357117514,0,0
8.974880765880748,1.3779597631628993,0,0
17.411479129444768,1.4803463561861845,1,0
4.274181339452152,1.4327516077991336,1,0
11.33253897922851,1.6669299832842674,0,0
8.340933410349736,2.2156833909155917,0,0
3.1064814560107075,2.0408833638364143,1,0
21.089114354403584,0.8438904032842969,0,0
15.966501337527326,1.8110349951530242,0,0
10.74266569384876,2.164466659767705,1,0
19.010057185416066,1.6934042603446013,1,0
20.1962063822053,2.0454902125929832,1,0
12.322453209093108,2.5061352228503826,1,0
18.140868506209323,2.0118547730534906,1,0
11.955796643719838,1.6246542978208645,0,0
11.398742917288649,2.0225442370423767,0,0
9.639364190221881,1.5724439165484456,0,0
13.972203916260641,1.5119515216424777,0,0
1.7269417546127899,1.3242928821431337,1,0
21.275463180521534,2.281706679416054,1,0
20.545033221429353,1.0907856670289993,1,0
0.2968351154302202,2.2661838623390578,1,0
17.476473762753137,1.7499320618701857,0,0
1.3796390740375564,0.8003469125990292,0,0
4.081469825093086,1.6838246464957107,1,0
13.606588031607416,0.449986746174188,1,0
1.7525843472956317,1.8127540084155178,1,0
17.035674221585722,1.9426157414944956,1,0
17.84590297012224,1.2038220221739733,1,0
7.08195305309597,1.5617738479777912,1,0
0.06406348617415167,2.477078716875143,0,0
3.383273427118551,1.2471266478690317,1,0
9.595294943637384,0.9705462064716998,1,0
39.73163467974408,2.2408317012312993,0,0
9.991657490890635,2.4812935952653974,1,0
3.0083969701011704,1.5018478359239236,0,0
10.051375279415504,2.005731517704178,1,0
7.764970067776713,2.1707379577654407,0,0
15.134252301294655,1.1287578837308079,1,0
1.1314701729582906,1.2573470823160657,0,1
14.314084807364829,2.1154372565773674,1,0
7.792860190698895,2.3425071393542547,0,0
32.96621277767666,1.7814404300871773,0,0
4.183560899891112,1.0600928232489728,1,0
10.01363697345023,2.4935305558497207,1,0
26.886609755685512,1.2345145510940179,0,0
1.0815299766527462,1.3324311094142742,0,0
27.682539268387686,1.6711689172448108,1,0
11.64385883557969,2.2770802103573873,1,0
0.702476502911083,1.9269879882761118,1,0
3.580524164282398,1.7074327501809552,0,0
12.315909951213124,1.7316442650590531,1,0
0.6972592739476131,1.521757334321733,0,0
8.726817290949638,1.779069757259253,0,0
4.244691315113612,0.2352199611528485,1,0
9.699961904748347,1.3516962704651008,1,0
0.46821239277954846,1.6206609674583905,1,0
20.521128448769126,0.9244929581902465,0,0
36.30194375144341,1.69316165890578,1,0
34.69835664491751,1.3977643895069392,1,0
13.849026569612299,2.3777378491577448,1,0
1.3936119883380576,2.2865098626074283,0,0
14.1990573116036,1.2670972154409186,0,1
0.24894222282511314,1.4245811442166523,0,0
0.22371947734473863,1.4630262171958037,1,0
3.9098577021723018,1.2741702619201887,0,0
6.706876749216802,1.5975124920140633,1,0
14.714489225838568,1.120858965556205,0,0
11.49785726890819,0.9346923325312368,1,0
5.904149873957085,1.8113556119501344,0,0
3.19691162558407,1.8147647921109054,1,0
58.51528761656979,1.0978421201700037,1,0
5.554417901100342,1.9476777153812999,0,0
6.003620484245429,1.1842111354173344,1,0
1.786767924545557,1.6265826190189907,1,0
15.838167006373084,1.910172006306228,1,0
11.831322380365739,1.4831937176481436,1,0
2.49448529453176,1.7273704560705672,0,1
0.8597305690237871,1.2417851780562141,0,0
11.409958207372403,1.4017667082859515,0,0
10.62795094423143,1.3970702845598297,0,0
3.191858486737397,1.1267108267298807,0,1
30.13154406385109,1.411612918442109,0,0
1.6376428319465086,0.7256908505681267,1,0
5.662234725034116,1.2544231264289476,1,0
28.755684327996548,1.3575622533151646,0,0
5.442571426935501,1.37191012375231,0,0
10.175650177301028,1.3792512770646106,1,0
5.068243030091396,1.4691179000699355,0,0
3.2050173006688127,1.739720759043032,0,0
41.33770529131774,1.9372585370662612,0,0
5.265045758454232,1.1751173865758664,1,0
22.45252506848132,0.8983995723054278,1,0
2.6130581248389047,0.9789777938784485,0,0
2.396600813788579,1.2563985394025363,1,0
0.31629049095555,1.3240393410917455,1,0
10.545958588759897,1.1150019669012714,1,0
4.596990541722014,0.8519416678750528,1,0
19.977380588267938,1.271939586262906,1,0
6.409531147028137,1.5907133100569857,0,0
34.48082341200801,1.7975147329177823,0,0
2.052121782608384,1.2212884734458394,1,0
20.296855047299104,1.293501088928283,1,0
14.987773046742976,1.0366508455763446,1,0
14.736920438900363,1.4842804148126119,1,0
18.62932610814589,1.0757856829045926,1,0
14.31392112603727,1.7865639066206,0,0
9.840887504235639,0.6070667540329444,1,0
1.4069398592758247,1.3201851637737687,1,0
0.3306691334998571,1.6505536695958711,1,0
25.363833018142643,1.5919172581612522,1,0
9.588076894307802,2.8465168319902485,1,0
15.922725389316394,1.6749000122839537,0,0
6.568583602697946,0.9979727015789949,1,0
1.2477916417400803,1.4522678764554635,0,0
1.3374374911633842,0.6118768332667741,1,0
11.569788149447113,1.4597001253516195,1,0
5.626557199241903,1.0834719714996206,0,0
2.2379967489163612,1.9576951377800809,1,0
6.76476013409331,1.2252298627022324,1,0
0.6636305079345967,1.4416170421023766,1,0
8.722054323249505,1.1822210792977983,0,0
3.1333279661245736,2.3694256759266654,1,0
15.973072900319618,1.3393786169410442,1,0
3.7158839718019383,2.416278521739601,1,0
6.073735091953125,1.9070758810591333,0,0
0.11688586050930902,1.7410333636676931,1,0
0.7520522230669786,1.6843665736587599,1,0
4.9839249708571725,1.6968986491081257,0,0
6.538088487800127,0.536163710327195,0,0
9.163421034919134,1.3605583029246218,0,0
3.4483471507445818,1.922578985592161,1,0
11.873841143891859,1.4755514082629473,1,0
19.669875044031023,0.7974050765982125,1,0
15.134506386975708,1.4737977747112652,0,0
0.40425016397703156,2.3520527581277455,1,0
6.549018415021083,2.1234458577673596,0,0
1.1085355080954613,1.468997995316984,0,0
2.771312827847182,1.9757246385290432,1,0
43.171826552294334,1.3167464898159742,0,0
1.5372890217305861,0.6480642065866405,1,0
6.9092595620900745,1.0377670059352229,0,0
9.627424349612866,2.281444384254099,1,0
12.122233148577381,1.363003459085348,1,0
8.201824240381105,1.378308010312491,1,0
0.09818895384563225,1.3500809018625597,0,0
3.9520983599786015,2.4520682947865033,0,1
7.292130935726833,2.3129794576810316,1,0
0.9196891710405073,2.609390116724067,0,0
4.317478910836826,1.4204773947999743,1,0
0.3376684570552405,1.6478122443735475,1,0
0.8183768960808725,0.7416787252896044,0,0
5.057108535355948,2.2384672130591374,0,0
1.4238850592466137,0.9161102243660325,1,0
8.382674039181207,1.6083877818813146,1,0
11.69458563158434,0.951348736183578,1,0
16.123757191107593,1.205566586630652,1,0
2.233313742578472,1.0813687844751498,1,0
1.8330113513507695,1.1960623696620911,0,0
1.1044881728507567,1.2304386484255108,1,0
10.117841147041304,1.2258656025374615,1,0
12.257949395115995,1.9166669558901535,0,0
0.3209574673603211,0.94756860346874,0,0
27.521940544489087,1.6102707135069334,0,0
0.5337048567900803,2.1089795761527794,0,1
7.79350888095622,1.243401817743302,1,0
12.34640004061239,1.141040554626199,0,0
20.47703552454761,1.3847376874098747,0,0
12.520674728720262,2.089862604180355,0,0
16.181158725967258,1.597053815476679,1,0
4.146827491464336,1.2343928526962007,1,0
16.864545693479233,1.74193832559402,1,0
0.8350644975816266,0.9488539250817883,0,0
22.52050318785216,1.840679755221474,1,0
7.931716828789295,1.7043036538508838,1,0
16.998976096655188,1.346095764430558,0,0
6.020609719350464,1.0807071007763844,0,0
10.316390017200888,1.0566595388582714,0,0
7.473978139587696,1.767408668172955,0,0
13.152378349869206,2.114490251244531,1,1
0.8515489988895617,1.1813461264856027,1,0
0.6225003131901508,1.729193351775742,1,0
2.8382715753991636,0.45648649069896563,1,0
1.7381148651515006,1.2076911346714003,1,0
20.540355570023983,1.484470533564549,1,0
2.474541581805539,1.0451582915090831,1,0
37.24102809434093,1.031746812605202,0,0
4.108231243314293,1.1661102217655568,0,0
2.010371039788529,1.6460963641631865,1,1
15.592130975943475,1.4063354907968126,0,0
10.750162053415186,0.38088438333751395,0,0
6.8954510872343375,0.4396499236824669,1,0
8.104982991156206,1.1965674110714124,1,0
12.701189397289664,1.728843293026776,1,0
2.593599456867067,0.12624757863738267,1,0
56.08631232047705,1.2501349119241847,1,0
36.806399778900946,1.2368760717412894,1,0
10.507530901325568,2.194168889104224,1,0
2.2257177846889333,1.3074890941435682,1,0
11.401477952753687,1.6914944923704642,1,0
0.7493737183429329,1.5706285700437317,1,0
0.3113211652361948,0.4347167600963997,1,0
2.9797875313889657,1.8841036083158686,1,0
6.210553018734389,1.607698252728144,0,0
20.270199251908405,1.7541343198372947,0,0
12.98902978817889,3.4631188532181634,0,0
13.575379047493218,0.4579435302507058,1,0
5.542435794074139,2.3623483248805544,0,0
4.245485326894826,1.3562762402998223,0,0
4.63685650547297,1.6436644522015047,1,0
43.94063891516504,1.477243877349379,0,0
0.4093574204392867,1.2878818333009783,1,0
20.17642991755739,1.2150835358806207,0,0
8.643517413526624,1.6647543677865047,1,0
5.773490810346596,0.7414131516641604,1,0
12.919215674888704,1.8752895837608827,1,0
6.66834303599214,1.291902797557373,1,0
20.66906341267767,0.9349653304798211,1,0
23.096284796203747,1.2749935710020932,0,0
5.476987013540247,2.128574608431286,0,0
3.241079070851419,1.2323324564918885,0,0
8.973471219409092,1.6792268091048101,1,0
24.345559395235988,1.1345218621422632,1,0
2.3656089895002457,1.8789609249618098,1,0
9.754214576995755,1.842753869395102,0,0
9.984780002255434,2.424304416648206,1,0
13.209300151268554,1.4122180272503924,1,0
1.4106562970266043,1.8343274023789533,1,1
12.5816490912711,1.5490337697694723,1,0
23.972532062892448,2.147935890931507,0,0
1.9806456078014456,1.1405838061956348,1,0
2.7120959168716197,1.8725026564386407,1,0
35.54177038861511,1.4026513519416592,0,0
1.996430547551579,1.467905911445751,0,0
19.26789767756658,1.5458762422241865,1,1
6.778209425535491,1.6261201982133386,1,0
2.8399696999437047,1.441885478439021,1,0
20.46006001744849,1.6073565915852632,0,0
5.893373255599558,2.289059028781092,1,0
7.232298691011181,1.9927248428076092,1,0
4.450899591778079,1.9345772962484482,1,0
8.988213426850786,1.2722302369880647,1,0
1.7855729761763137,1.055379585885838,0,0
4.960709063634735,1.9776502791188764,1,0
34.87158041821144,1.9380233962648972,0,0
2.985858804240062,2.236335337875491,1,0
10.692573845171028,1.1980096870153853,1,0
3.933242043889271,1.3852256723198264,1,0
14.84891690707165,0.6802579187372829,1,0
1.4026677961013676,1.3037644469695635,1,0
35.006104544243996,1.9982852552897237,1,0
6.047509221647378,1.266752310385901,1,0
2.692535434977202,1.820239897600412,1,0
0.7633772255593707,1.4047484470010942,1,0
1.8603794010459394,1.6620285141107802,1,0
7.3349834542958146,0.9261543050921663,0,0
4.109850798051666,1.5426047248169505,1,0
17.654098841221575,0.0044320145496383745,0,0
5.636771906855924,1.4065519209190076,1,0
2.8596923697585104,0.6847633781424299,0,0
9.600989165734678,2.102997258273408,1,0
12.26822606959345,1.8887036763822556,1,0
1.8277194768584681,1.7333354909830405,1,0
1.8346527013076068,2.26050311357969,1,0
0.37360728009482735,1.0255417395875814,0,0
13.33330120789834,2.373681598957779,0,0
10.90062525147099,1.9660957821301923,0,0
6.436541696352927,1.381722356390527,1,1
18.589924906761503,2.067810073591472,1,0
16.381983211693512,0.9468532437941829,1,0
8.803310136359215,1.0877429192361632,0,0
20.270106265290025,1.1957051383801498,0,0
2.3047185037057356,1.2355111459679924,1,0
1.1869302139028457,0.9717211786198736,1,0
3.143678057281079,2.1115415335476624,1,0
0.5878110672996271,1.370572799815084,1,0
7.575140428339439,1.6762524841784399,1,0
27.583812054019667,1.2148243167931598,0,0
0.4013841640938223,0.5896983497257414,1,0
1.3023387998311675,1.635028679195711,1,0
6.018432483019309,0.5438725122901116,0,0
27.162086538759947,1.4656829769572657,1,0
3.80025611056787,0.8158424805835948,0,0
7.077225037713451,2.493637999615404,1,0
0.42461733001051694,1.955681361087361,0,0
1.6057165133641893,1.5528768956357402,1,0
43.147510845333784,2.131853338827334,0,1
33.55804307819909,1.0768420112671322,1,0
0.049522229738276156,1.7717396893350466,1,0
30.326407986788155,1.5999052168593568,1,0
10.19209613568501,1.632010040666835,1,0
20.243345669765105,2.1361767500533837,1,0
6.064922690920095,1.866246051389901,0,0
7.24836068697771,1.6443618314125117,0,0
6.710854995088599,0.6725562818858519,0,0
10.992052370655834,1.0199768523602681,1,0
1.5041745420945718,1.438645533202138,0,0
0.3043198091997127,1.5466861871383255,1,0
3.6806808801378086,0.9348981376630381,1,0
12.196983475408395,2.705838337789211,0,0
2.2546305443661034,2.258197027626786,0,0
11.19118409331979,1.8010591601962418,0,0
35.0363039022921,1.5360184306418723,1,0
0.9860639372178697,1.393895515049424,0,0
11.165790839045362,1.0240407699888823,0,0
5.865378397571735,1.5387402592594313,1,0
20.260316221935163,1.6288762700713753,1,0
1.949810990586438,0.8791197122591878,0,0
11.796898763803538,1.6670882086224488,0,0
18.208708615976455,1.4223704755876256,0,0
28.93432387380273,0.5460962210613045,1,0
11.49636234984622,1.0698074946102492,1,0
6.875126126115396,1.293197233289178,0,1
9.619348555509415,2.4438438286700954,0,0
20.31832909367911,1.778276562266879,1,0
8.453890920690059,0.8322592154500543,1,0
0.30858317733905194,1.7430181447088184,0,0
26.72905507299173,0.7263480055308172,1,0
11.696575360111503,2.0413455269435365,0,0
11.28597543879489,1.2644376740910608,0,0
2.4293199801802396,1.4531819056304145,1,0
10.755369936680887,2.162898323771095,1,0
5.0065156489585885,0.856418215707875,1,0
10.533511356872365,0.8014409074435044,1,0
1.1271306878269605,1.2082003368269976,1,0
10.724923184658566,2.0191894255096585,1,0
74.41722909704406,0.7403269622615788,1,0
0.49412998894300686,0.08392220094471559,1,0
37.798631125622286,1.2744205707955005,1,0
5.224056824545973,1.7758703999554601,0,0
20.46033461015753,2.1001308748694147,1,0
15.250300569342926,1.2684193189573005,1,0
8.370551059265525,1.2942866964419988,1,1
13.411267858526585,2.0769503671278735,0,0
21.079691009583396,0.5651291501522897,1,0
5.177500786487027,1.3057396124084955,1,0
3.9605922479100646,1.5952119449625288,0,0
11.01396317172307,1.7246093606425172,1,0
16.494578429710735,1.2450966534045587,0,0
14.366833688205121,1.5172205058529207,0,0
15.985654764477754,0.25583632329350525,1,0
5.719624967418865,1.1708757938330758,1,0
17.02838106385863,1.7267543562772336,1,0
1.2807096265357145,1.0088529828726602,0,0
7.86335628344283,1.5294921107947987,1,0
0.05775305516253854,1.723436250401349,0,0
3.9242919094318784,1.3287253995711175,0,0
4.564345626291861,1.5852318854982854,0,0
5.0446703518866745,1.0186337173576938,1,0
11.889765020311442,1.3966943601519768,1,0
4.919353427114065,1.8051080847946113,1,0
5.954645855639285,1.5784864804842171,1,0
2.712106487319779,1.2067343652180322,0,0
4.672104005506762,1.6121082021453965,1,0
2.578250975330488,1.857304895318309,1,0
0.7601308825538722,0.475029360711261,1,0
9.249495953184562,2.079537032477949,0,0
11.032614750710689,1.331872630659464,1,0
9.662437301484182,1.712744966620115,1,0
6.226776150169474,2.098623461822614,1,0
4.776903447798999,0.814163151384767,1,0
19.902127218947548,1.1452794987862267,0,0
7.320580548015936,1.3557256520621477,1,0
6.523543915152494,1.1081232394377858,0,0
0.25976553942014474,2.3674682879184044,1,0
4.174078814107976,1.0716139530866036,1,0
4.783513648988052,1.2222266102565666,0,0
5.0886551419799915,1.6021945158014883,1,0
8.679110548652707,0.8989252369619556,1,0
7.627171043528689,1.3021596441218681,0,0
9.362513582748198,1.6587266306250876,1,0
14.476731287868812,1.3335697978087444,0,0
16.765704014851647,1.4533065705500259,1,0
12.662847438313909,1.2353339437758146,1,0
31.127987250042054,0.7427648454096165,1,0
0.18400844582700027,1.6607966056696193,1,0
2.1787991071251294,2.3774665358236207,1,0
0.07591618531415689,1.5092008153917191,1,0
10.426329264077516,1.6126320586237748,0,0
22.830820100664766,1.8463613775584298,1,0
2.7902934427777346,0.8653347517266504,1,0
26.177691662237187,2.351257329064803,0,0
0.6215990193872064,1.601164398211401,1,0
27.24728923000118,2.3159284495445545,1,0
4.3328247930653845,1.1334835022380054,1,0
1.0694046139193687,2.4090309612789125,0,0
6.652825488994116,1.8875777470173916,0,0
2.967585630781719,1.7765200429261792,0,0
3.3529499259166196,1.617012227176574,1,0
3.671437871612786,1.3757356909627754,0,0
16.246830199654234,2.1002658292369363,1,0
7.747071381382604,1.5701799349240235,0,0
3.7296069575345254,0.5164651482064239,1,0
9.424647609545124,0.9414067691464988,0,0
12.593117246481015,1.4070771239036264,1,0
3.1831174220804606,1.6549994915827775,0,0
5.336663339591022,1.4717057555500521,1,0
1.2997895952140053,2.1094853948968315,0,0
1.9985356772213871,0.5244490679806876,1,0
11.429336926261701,1.57179396825258,1,0
2.0020656148364724,0.5910103873064226,0,0
7.447844997321001,1.879856147742084,1,1
12.345909994396855,1.4527706427789986,1,1
1.1303088352047044,1.709804986012059,0,0
8.377388725681469,1.068058519705117,1,0
2.9647096009248415,2.1397324658288754,0,0
32.94862971807926,2.0208623320294254,1,0
6.607683713268071,1.7917721515059437,1,0
16.39858717435359,1.4352413765682797,0,0
7.990112499936112,1.789928642647566,1,0
0.44383049279866127,1.1465537160063255,1,0
10.028059835743523,1.927777829510356,1,0
30.242005201247327,2.3247404471619606,1,0
9.203284227538246,2.035305279989593,1,0
17.10302214707729,1.1351987650962951,1,1
21.55946530154033,1.6807086586365514,0,0
2.5887406583650026,0.8534292281206761,1,0
2.3831409418015577,1.786195155587838,1,0
9.441270647095303,1.7253017064312695,1,0
5.293774323335772,0.565091830233918,1,0
18.317149821689238,0.9191080780438181,1,0
23.02816353712856,1.3584305516281163,1,0
4.3606047842351465,1.349570126429587,1,0
2.7032761460844306,0.8952615322905974,0,0
15.165192957924488,1.694489364676092,1,1
3.213161227341658,1.625736804470256,1,0
17.29428925519035,1.4028654340107403,0,1
5.511933007554102,1.1221042499208185,1,0
11.012655032053702,2.024353563208282,1,0
1.0041201729112579,2.3277035565441477,0,0
9.777920690653742,1.2582192580767315,0,0
6.01056137962785,1.1939165414225896,0,0
8.833601040666048,1.7456038327059982,1,0
1.8393991492315793,1.320985310126507,0,0
13.351213047485327,1.4303013996683829,0,0
19.862942632118777,1.8698265758623358,1,0
2.4429032668853936,0.5453219562463536,0,0
1.0061021126280096,2.1591511624263346,0,0
0.23922459931573992,1.5363402621646707,0,0
10.271426880495873,1.29425342771891,1,0
9.34184973323918,1.4553829228892756,1,0
7.911954133835657,1.4812146775102593,0,0
2.6389666294128884,0.6343993482775373,1,0
4.957826650652052,2.247469113726618,1,0
9.02576047539322,1.5206628161353093,0,0
6.867017149919159,1.7215010652236875,0,0
44.05133163381326,1.9757748852870214,0,0
1.466916126153273,0.9894187712198499,1,0
11.879175624204636,1.7367359495176142,1,1
5.180496008103994,1.3661794545506032,0,0
5.589653256517158,1.923385387608247,1,0
12.64422861419053,0.4363862898242523,0,0
11.790725753198146,1.4504528498793654,1,0
47.3938680786437,1.1985896721080191,1,0
1.374181241365831,1.7161314753170778,0,0
1.0993725004065542,1.735022093684101,1,1
12.885827656735422,1.146187052588987,0,0
8.636672504679805,1.1439130679119782,1,0
3.2042659245002616,1.4446673157213352,0,0
0.8275068734779747,1.0516788863423958,1,0
0.8955087106390793,1.9209918477260635,0,0
22.46118512465589,1.315396399776277,1,0
2.1302903185996405,0.04650589033917929,0,0
3.906329929475808,1.312588971689097,1,1
2.570318300956333,0.9807280895780138,0,0
4.384992348104207,0.6843620922695273,1,0
0.7195136073162983,0.8812866808887138,0,0
7.320123220255348,1.554704235916485,0,0
0.7000684637744137,2.1643204141241155,1,0
16.11222042159252,1.65659223693249,0,0
2.6619730768420604,1.1967483058921302,0,0
7.765546911485947,1.7279520975853513,1,0
21.209228164897418,1.2704548448905042,1,0
10.523320404102641,1.1526998154184276,0,0
7.613356325747317,0.9228186658835078,1,1
3.9205604248414607,0.6240855966241404,1,0
4.049681012238468,1.3050381467202774,0,0
11.07109150569736,1.579026744960066,1,0
51.39496674707304,1.451688164992555,1,0
10.842337269652312,1.2920165360263207,1,0
8.159555109679813,1.0271269696516094,0,0
13.117455241928113,1.8041230958424843,1,0
6.258729279824089,0.8414340400267075,0,0
0.6202684348321754,1.8880139569217378,0,0
8.26214260143961,0.9988914905366376,0,0
31.612034272953352,1.1237823813234824,1,0
1.9273916294070355,0.7666074046921615,1,0
11.711987584682579,1.2492989265571817,1,0
2.2431134374225796,1.9876562292389894,1,0
7.674994260264465,1.7578140442219783,0,0
1.016744837023609,1.9892110560140175,0,0
5.985116578458807,1.761071272966968,0,0
14.112566585424567,0.9481650857348154,0,0
4.2705376148545415,1.3346053878362214,1,0
10.933612728760885,1.1099004354412687,1,1
15.869426429163502,2.16528745201952,0,0
26.19734692704209,0.9016056767868442,0,0
2.6741168771555563,1.9468488446945553,0,0
5.096861329145348,1.9464769350543847,1,0
1.653653453224028,2.414810100858044,1,1
48.90654962048055,1.2951567036852514,1,0
26.173090971585722,1.856161079790081,1,0
7.764355987991227,2.6408259182694214,1,0
18.453709920619715,1.1911791615331517,0,0
7.359669552982862,0.7324798762338202,0,0
9.770648486217308,0.5599949830461182,1,0
0.933489795430218,1.8563560144306657,1,1
14.076014351557388,0.5584248959707081,0,0
1.366373352289071,1.3138404735310385,1,0
17.490887349353393,1.7186565935194804,1,0
15.233890670186652,1.592587768414957,1,0
12.33555069093609,1.7127224320920862,1,0
0.3683036805155312,1.611144927900427,1,0
3.6115404005155014,2.1394329066566966,1,0
3.0532013917912746,1.0238418096306015,0,0
4.46500262019517,1.1615024307707342,0,1
0.9172364057237763,1.1136702773645881,0,0
27.63951300892074,1.915095905931305,0,0
8.069930187631815,1.9501992941975317,1,0
3.6459812194760217,1.725612659659254,1,0
5.058074311065991,2.091746833444964,0,0
5.927636022426302,0.9109795663118097,1,0
9.17777670220792,2.3336120557755686,0,1
7.250082520454396,2.261619310856129,0,0
25.181570465176467,1.8678109986228733,0,0
6.870925129207896,2.39089945438553,0,0
48.48263265360235,0.6716883961611131,0,0
19.066651133282804,1.237775931868674,1,0
2.3383868383943187,1.132348269659024,1,0
26.677994605888543,1.8607396618786716,1,0
1.2371277950994295,0.9749296301989272,0,0
17.007295740107256,1.8787475746687428,0,0
4.790416186670972,2.185268071998357,0,0
21.03523768243236,1.8476014500419997,1,0
20.253829191556267,1.6418755118307506,0,0
16.395126583574473,1.0060633295496255,1,0
15.607926935642611,1.0765745169373178,1,0
3.6338186959178675,2.1248094526483334,1,0
0.8438132920074947,1.8896745019526662,1,0
5.158049647422996,1.480490240311228,0,0
1.9058502336665755,1.2910452271170547,0,0
11.87283150977474,0.48709606344431156,0,0
4.248004262131063,0.9645737906577806,1,0
37.13590302127083,2.4557095435698617,0,0
10.243551145361243,0.8597722144987666,0,0
17.286751754099377,1.5947399106105404,1,1
1.4216820876655945,2.0037219865975993,0,0
19.80606543336451,0.8725386659988538,1,0
25.608014486161327,1.5923552373905416,1,0
6.676001405482493,1.9689577687553275,0,0
9.320465498249906,1.5062496609536251,0,0
14.473607343318378,2.934201527833384,0,0
1.921763084545793,0.6657003705609024,1,0
6.982925482163945,2.0293642649419397,1,0
5.085998156695678,1.4135991313017677,1,0
1.5826211104526102,1.8859600774183376,1,0
4.5812948245673155,1.7206535758496229,1,0
0.7060736270411021,1.1334219014450018,0,0
0.26150879968812646,1.61449819622967,0,0
1.4521803232856358,0.5710492743008564,1,0
32.999533399771074,1.8016237502856969,0,0
7.974627665581229,1.6490792329952628,0,0
33.76177831884106,1.8193300843215512,1,0
5.665107910082499,2.029059162543575,1,0
3.736992283307041,1.6838099201048555,1,0
7.055069747772997,1.5740447098991381,1,0
5.789468906265483,1.059465831669354,0,0
1.1167450059839192,1.1438896181754745,1,0
10.239492043974927,2.0933673100886656,0,0
2.4339496199833066,2.2181677028529894,0,0
9.665002845057638,1.380944781843973,1,0
10.503968393246197,1.523001373626637,0,0
1.6490395155444642,1.0476928125031169,1,0
0.6331220895053138,2.0863784226337225,0,0
15.175954932239302,1.8327084118458894,1,0
6.158166220913863,2.4706087182318743,0,0
0.5992390010381585,1.0608384614101305,1,0
52.719319767366656,1.3109960504908913,1,0
0.5951708142442368,1.6157229612627861,0,0
11.875590135001513,1.8232447688628852,0,0
41.15298077656953,1.3921661812261839,0,0
2.7335861695714705,1.0635194547731497,0,0
1.5344186123358494,1.9407037644617855,1,0
1.2940840602400936,1.8605676812727907,1,0
3.613647059411098,1.0418629497181375,0,0
1.0652320355156149,2.177721400552748,0,0
11.781794699281834,2.085099354598302,0,0
0.6431646379952709,1.5671482486238963,1,0
7.121712524346369,1.5397989311880182,0,0
57.12879886799935,1.7770288855579537,1,0
16.818487766767156,1.069148464871871,1,0
9.550820766198736,1.5150157395820412,0,0
3.656488330869853,0.4238082276954098,1,0
9.778891428190237,1.9382278227514678,1,0
7.487475558795342,0.7192533887790703,1,0
5.552711613166958,2.2517099142144996,0,0
1.4007892586034512,1.334939953016775,0,0
21.768710598120474,1.3941665090344115,1,0
5.974455297927822,1.1861330469577471,1,0
2.164441820614136,1.3559805630389619,1,0
4.584851833829353,2.209265672574018,1,0
5.34656934620134,0.2560956717324603,1,0
17.575777510905333,2.138482693044094,1,0
13.228103228592783,1.669011740550854,0,0
14.666583261701918,0.8964891760713922,1,0
0.11092560021533862,0.9623438034753811,1,0
5.381180264409754,2.3381965136041014,1,0
6.565147210381607,1.0272465600286345,1,0
0.19378839466446302,0.9233247447020203,0,0
3.008527040218263,2.0686572711823645,1,0
14.28324681714378,1.669276438142957,1,0
1.4746771733388928,1.0310372117318005,0,0
7.663850452648582,1.6083124877023094,1,0
2.4232875607689377,0.9871236581798614,0,1
0.1219483024877762,2.0504106992113025,0,0
2.7601896185029933,2.0306854824365668,0,0
37.24455023142878,1.7660030994109714,1,0
16.171531579615472,1.6808305306235083,1,0
32.08347550191233,2.380594062433687,1,0
6.69145624111168,1.4998431636941127,1,1
1.1623745419519251,0.9090629372895994,1,0
7.939834770016945,1.7247369564161534,0,0
6.058276310869285,2.543023524768557,0,0
18.60190887399809,0.9926202534070739,1,0
1.0323231608662382,1.3192686166530072,0,0
6.699017356298462,1.7082230190507264,1,0
1.6257618371792446,1.4730475754971304,1,0
3.9256259501370443,1.0088482098113427,1,0
13.369598780247909,2.0609289281152354,1,0
6.462981932916177,2.6600203610086295,0,0
4.714258964215926,1.5980657295119536,0,0
5.016615401585782,1.047965855132,1,0
6.151621609169232,0.7255197374732625,0,0
15.37194201894464,1.6289879906105904,1,0
22.264085163237468,2.051938671658129,0,0
31.085580630223,1.737583873247691,1,0
15.460096304556977,1.498798079540573,1,0
3.7893062560405126,1.205364174105347,1,0
11.651839346810204,0.9539181836409552,0,0
5.755474933648939,1.917375663162441,0,0
2.9392904024897772,1.9568858106927929,1,0
18.380437261905783,0.7271351066546334,0,0
0.39184116743756053,2.2949194890903417,1,0
23.203620930403723,1.7870356104470007,1,1
6.189259348392796,2.1997973225728966,1,0
10.139076313345575,0.8289361257574425,1,0
10.769112357162623,0.8170879222922806,0,0
22.549168980590206,1.4255153451163516,1,0
10.124428920042712,1.751392213447597,1,0
9.517458641108721,2.398180411463482,1,0
0.689772007819054,1.8530394569075659,1,0
7.306580419892182,1.3786593615939833,1,0
1.6271777375662149,0.9868153961670539,0,1
13.37251919142745,2.115000286359575,0,0
7.178947323254283,1.0176472871246425,1,0
11.401463466715082,2.314234277386161,0,0
0.42566119416354353,1.3578076751967454,1,0
0.8860393466847853,2.2952910363089254,1,0
12.599203799829265,1.8394656450296392,0,0
0.7481442963462634,1.4315022552787708,0,0
0.7392292686901208,1.2403018140869366,1,0
0.1218238000979597,1.32954606132696,0,0
31.350264862197893,1.7141583461876189,1,0
13.375360430156608,1.5385782481088583,1,0
4.357976357336992,1.2030942959656474,1,0
3.5173798123009883,1.417184294841184,1,0
4.303264506668801,1.539288514859575,0,0
14.901161997316503,0.43563295279259395,1,0
10.828490176285033,1.7290840573943493,0,0
2.0480715510999965,1.0101393876415967,0,0
1.912928814550219,0.9233337983971275,1,0
1.035794911943395,0.6563278264446448,1,0
10.797004100335128,0.6030537510660549,0,0
14.455037992237159,0.8222762484438554,1,0
3.079479495535903,1.1454895211847549,1,0
0.21167418451615128,2.476629568763284,0,0
0.8574490745693609,1.237060162052398,0,0
34.37655002837343,1.5888750531340157,1,0
3.5018856530362537,1.7002406932531644,1,0
14.663040433040202,1.5655325931079243,1,0
9.79932505488038,1.4612782696370032,1,0
4.811691558293258,0.9023531182003777,0,0
2.3027801895590354,2.225463774139606,1,0
1.2941008905710116,2.4035983218189427,1,0
9.545456284794806,0.6586706529386571,1,0
14.900285583409175,0.9879857045568102,0,0
10.325556335637089,1.360094828811497,0,0
7.556656276864723,1.0177311025449043,0,0
0.4285658730910904,1.7529827767279327,1,0
34.57411529753554,1.1358638987966936,1,0
16.030294488443598,2.5825280339033014,1,0
3.464729286376472,2.095274297171798,0,0
39.10540572717218,1.6062870153161075,0,0
9.2100580446948,2.013493131659866,1,0
8.732855020448504,2.0529502121786543,1,0
13.786166282050145,1.2180262559708783,1,0
16.70089533843877,1.0918913777290176,0,0
10.685058907480496,1.5390715314848238,1,0
1.3707566198038497,1.9308180622489721,0,1
4.128938923155083,1.5695301993267088,0,0
26.32251506424206,0.7115017589045014,1,0
2.543963878709439,1.0985877780245787,0,0
4.654811094126797,1.463013568202811,0,0
5.6576922671873096,1.462167197837085,1,0
5.78756540923333,2.486271088394904,1,0
9.491744805522318,0.807006028800501,1,0
28.660353837801956,1.7527946209179373,1,1
2.7534872427418646,2.244556554164145,0,0
1.2954093800495234,2.635724872711398,0,0
2.1998665189386477,1.2978012884080194,1,0
21.79703081100552,1.7457147263600998,1,0
10.379240810762278,1.7848801785993236,1,0
3.367417778790184,1.5977408657766454,0,0
16.925311877747205,1.450577399380347,1,0
19.759467391996953,1.717987694750023,0,0
18.741481279810756,0.23387695739015735,1,0
25.12399543274232,1.8410347450313156,1,0
2.906745724146154,1.5630889518309836,1,0
14.066682208230555,1.3887625516108673,1,0
6.171857078521143,2.523431097859779,1,0
18.451510870734516,1.162532990604724,1,0
13.037588019347568,1.2984620054674847,1,0
14.981087538655927,2.495776651102367,0,0
10.675841906842091,1.0839693475750716,1,0
1.9532019762394586,1.2249423585317305,0,0
7.875170241922046,1.426487288284575,1,0
41.77926595016945,1.9203672410647745,1,0
27.707993880074326,1.6039012536766566,1,0
0.4413344611758607,0.8536873264238687,0,0
1.8010180115075491,1.2339157184364051,0,0
1.4125114015268525,1.1963227833938943,1,0
12.94553854060387,1.4613894773884772,1,0
17.025697806958462,1.7129218293149147,1,0
2.4017700835005287,1.709102877943986,0,0
7.04921613839529,0.6119941229757989,1,0
18.369850704778038,2.031970493780428,1,0
13.197636186471764,1.6262844229983118,0,0
7.8140414495379495,2.192266023796953,0,0
8.924465045700323,1.722099163645336,1,0
7.10009650068406,2.050661478867881,1,0
3.531788500016205,1.7332726557250635,1,0
8.324598074681555,2.173112878101374,1,0
11.675936310968124,1.7611253180088893,1,0
20.661140751074527,1.451042376778548,1,0
10.114021548748545,2.6362173602234407,0,0
14.318003795855258,1.944518561139946,0,0
1.7443867048912378,1.7868722105022066,1,0
6.19074518666376,0.861847791730832,1,0
0.09375432164456157,0.8558461912682311,1,1
2.832636673578669,1.6463577410709267,1,0
12.963136856112857,1.5727605988841205,0,0
48.048354408861385,1.192938717495842,1,0
1.0444770971109276,1.57049134980603,0,0
5.133192567214193,2.2943134640217977,1,0
16.097928189017484,1.8477012372751493,1,1
2.2820086126156376,0.9294957451236309,1,0
8.098719123476156,1.4442455864285282,1,0
13.207736825681355,1.0975167595737196,0,0
9.570748371647657,1.3061500417957195,1,0
2.0828540063345007,1.2931921671851787,0,0
4.391013705229907,1.2611772086979973,1,0
15.315133748939875,0.8724323140133026,1,1
8.079443351961764,1.436172659240905,1,0
0.05243335834244976,1.219696181576345,1,0
14.312530668276239,0.03527565499886598,0,0
0.359498773115542,2.5264860122508317,1,0
13.69373461353044,2.044384827108336,0,0
2.2624906865187215,1.311849637537502,1,0
31.718367195597857,1.5094095248702992,0,0
4.587721412896034,0.9141728263412191,0,0
3.9590834430335637,2.347861438905433,1,0
1.6121160833511892,2.448644347386556,1,0
3.6471318634885725,1.5783468641232623,0,0
20.92735612176639,2.011765322092672,0,1
56.08746230709056,1.587643389466962,1,0
4.593557682687801,0.8316372805620347,0,0
5.953140605103695,1.2940883155181713,0,0
12.803893712449097,1.5659639833859784,1,0
21.73275679463014,1.272726140628278,0,0
8.990510286786167,1.390673361282482,1,0
4.968005994559315,1.4543002212454428,1,0
5.320864431503373,1.4595607510672695,1,0
11.894722687558444,1.5261292452487416,1,0
0.03223453352234625,0.9696974668016995,1,0
9.665039188925853,1.1414919254360318,0,0
4.392696117297495,0.8577078671500153,0,0
15.808374881107959,1.9889077748431,1,0
0.9760250898985603,0.44717652907983774,0,0
8.872229893778368,2.0767951716584627,1,0
6.557991618936114,2.1931746986314216,1,1
10.281319964746448,1.3489097065086892,0,0
0.6705217851068186,0.1984314560863507,1,0
8.674619670881443,1.3193447190163547,1,0
8.243603206028805,1.4679079193555904,1,0
8.22481893100684,0.9947008900355433,1,0
9.250481327074118,1.2423908030958786,1,0
11.28457057823754,2.2650975994316758,1,1
16.346993101159928,1.8324635811508705,1,0
3.144651861262493,1.03771794281095,1,0
17.43251688811231,0.7012004152022839,0,0
6.896646162596095,1.3364913411951145,0,0
0.8018918746336913,1.3932716103247809,1,0
0.6033502607505761,1.7480995936816581,0,0
4.0682350836025485,1.2323416437161705,0,0
15.366381893970082,1.7557497876809307,1,0
12.299093840207842,2.467577020030115,0,0
15.540739964735977,1.9077505112221314,1,0
7.282958332151881,1.4759557463346138,1,0
5.801739118979032,1.4084247644733527,1,0
1.5952638422688283,1.3216634329100643,1,0
3.9778381533236526,2.090320456226072,0,0
5.6919541721923315,1.1863432770243485,1,0
0.9277387160256173,1.5226113544999913,1,0
2.49246221980613,1.5255989509405428,1,0
9.118637804587609,1.249107903594234,1,0
13.305309069097008,0.8137672260579496,0,0
64.05472880634143,1.6614872518088342,1,1
27.047556044043155,1.4694980140723082,0,0
10.288023098028724,1.750120234718285,1,0
5.468813099485978,1.2331998467804166,1,0
10.110887957798544,2.110410649406524,0,1
15.401526347430927,1.0616131093940777,0,0
1.2594446448603402,2.3560201420089464,0,1
5.274715511697289,0.6261817450858692,1,0
18.313465118380307,1.7173850322784456,1,0
4.842371702849132,1.7377153412633117,0,0
8.48333696210045,1.1022214660295588,1,1
8.86172282531739,1.7121969689305063,0,0
2.039247379503509,2.1397593348800794,1,0
4.497860945489304,0.3915905803229678,0,0
4.072336040886349,1.7513724037454073,1,0
0.26545955214669614,0.25336458983496124,1,0
0.24489191270530317,1.0171675982383959,1,0
17.819896121391395,2.3145831824504723,1,0
3.1892620643003506,1.209108983303973,1,0
7.299745937185206,0.9130600177955137,1,0
3.5485599007989306,1.401031135507659,1,0
28.24796036158523,2.533953169081776,1,0
3.001552182005943,0.5841588763969869,1,0
5.615170164185904,0.9743450441803277,0,0
20.61446433115593,2.248715841589813,1,0
18.447398709821282,2.428851171768866,0,1
2.0591951269056197,1.4482843878548581,1,0
16.227425772487937,0.8804736487366788,1,0
6.128341464824549,2.5479217509045795,1,0
6.596521975537925,2.2972211958745983,0,0
1.4327005689790264,1.8394734938811164,0,0
0.8403564207332337,1.09379882553129,1,0
13.017301014514391,1.4754853295809816,1,0
6.8609441459685,1.4198199594775847,0,0
5.742105041411313,1.6654256523077888,1,0
13.075136013150379,2.225500719065668,1,0
14.503546989673852,1.9397085205687015,1,0
1.7305443076039948,0.9613119615076209,0,0
9.42186012916847,2.188248225009769,1,0
1.4543519952787474,1.6565660700065776,0,0
13.918098878273495,1.843532897929458,1,0
10.698941006159439,2.2332704296393016,0,1
31.376327859603244,0.9442098752432244,0,1
0.7145090750853228,1.4820872106467686,0,0
0.5874702682483747,1.2342727243203924,0,0
3.3154629359486405,0.7160702873172721,1,0
